id,activity_days,sleep_days,weight_days,sleep_coverage,weight_coverage
1503960366,30,25,2,0.833333,0.066667
1624580081,31,0,0,0,0
1644430081,30,4,0,0.133333,0
1844505072,31,3,0,0.096774,0
1927972279,31,5,1,0.16129,0.032258
2022484408,31,0,0,0,0
2026352035,31,28,0,0.903226,0
2320127002,31,1,0,0.032258,0
2347167796,18,15,0,0.833333,0
2873212765,31,0,2,0,0.064516
3372868164,20,0,0,0,0
3977333714,30,28,0,0.933333,0
4020332650,31,8,0,0.258065,0
4057192912,4,0,0,0,0
4319703577,31,26,2,0.83871,0.064516
4388161847,31,23,0,0.741935,0
4445114986,31,28,0,0.903226,0
4558609924,31,5,5,0.16129,0.16129
4702921684,31,27,0,0.870968,0
5553957443,31,31,0,1,0
5577150313,30,26,1,0.866667,0.033333
6117666160,28,18,0,0.642857,0
6290855005,28,0,0,0,0
6775888955,26,3,0,0.115385,0
6962181067,31,31,30,1,0.967742
7007744171,26,2,0,0.076923,0
7086361926,31,24,0,0.774194,0
8053475328,31,3,0,0.096774,0
8253242879,18,0,0,0,0
8378563200,31,31,0,1,0
8583815059,30,0,0,0,0
8792009665,29,15,0,0.517241,0
8877689391,31,0,24,0,0.774194
