participant_id,activity_days,avg_steps,avg_active_minutes,avg_sedentary_hours,step_goal_rate,sleep_log_rate,weight_log_rate,engagement_segment
1503960366,30,12520.633333333333,287.06666666666666,13.80722222222222,0.9,0.8333333333333334,0.06666666666666667,High (25+ days)
1624580081,31,5743.903225806452,167.96774193548387,20.96236559139785,0.06451612903225806,0.0,0.0,High (25+ days)
1644430081,30,7282.966666666666,209.4,19.364444444444448,0.23333333333333334,0.13333333333333333,0.0,High (25+ days)
1844505072,31,2580.064516129032,116.87096774193549,20.11021505376344,0.0,0.0967741935483871,0.0,High (25+ days)
1927972279,31,916.1290322580645,40.67741935483871,21.95698924731183,0.0,0.16129032258064516,0.03225806451612903,High (25+ days)
2022484408,31,11370.645161290322,313.0967741935484,18.54301075268817,0.8709677419354839,0.0,0.0,High (25+ days)
2026352035,31,5566.870967741936,257.0,11.490322580645163,0.0967741935483871,0.9032258064516129,0.0,High (25+ days)
2320127002,31,4716.870967741936,202.1290322580645,20.33494623655914,0.03225806451612903,0.03225806451612903,0.0,High (25+ days)
2347167796,18,9519.666666666666,286.55555555555554,11.452777777777776,0.5,0.8333333333333334,0.0,Moderate (11-24 days)
2873212765,31,7555.774193548387,328.2258064516129,18.28655913978494,0.0,0.0,0.06451612903225806,High (25+ days)
3372868164,20,6861.65,341.15,17.95916666666667,0.0,0.0,0.0,Moderate (11-24 days)
3977333714,30,10984.566666666668,254.93333333333334,11.792222222222218,0.7333333333333333,0.9333333333333333,0.0,High (25+ days)
4020332650,31,2267.2258064516127,87.48387096774194,20.62096774193548,0.06451612903225806,0.25806451612903225,0.0,High (25+ days)
4057192912,4,3838.0,105.25,20.287499999999998,0.0,0.0,0.0,Low (1-10 days)
4319703577,31,7268.8387096774195,244.67741935483872,12.263440860215054,0.1935483870967742,0.8387096774193549,0.06451612903225806,High (25+ days)
4388161847,31,10813.935483870968,272.8709677419355,13.944623655913976,0.7419354838709677,0.7419354838709677,0.0,High (25+ days)
4445114986,31,4796.548387096775,217.4516129032258,13.831720430107525,0.0,0.9032258064516129,0.0,High (25+ days)
4558609924,31,7685.129032258064,309.06451612903226,18.22688172043011,0.12903225806451613,0.16129032258064516,0.16129032258064516,High (25+ days)
4702921684,31,8572.064516129032,268.64516129032256,12.773655913978494,0.25806451612903225,0.8709677419354839,0.0,High (25+ days)
5553957443,31,8612.58064516129,242.61290322580646,11.139247311827958,0.4838709677419355,1.0,0.0,High (25+ days)
5577150313,30,8304.433333333332,265.1,12.573888888888888,0.3,0.8666666666666667,0.03333333333333333,High (25+ days)
6117666160,28,7046.714285714285,291.9642857142857,13.27142857142857,0.21428571428571427,0.6428571428571429,0.0,High (25+ days)
6290855005,28,5851.321428571428,242.35714285714286,19.736904761904764,0.0,0.0,0.0,High (25+ days)
6775888955,26,2519.6923076923076,65.96153846153847,21.657051282051277,0.038461538461538464,0.11538461538461539,0.0,High (25+ days)
6962181067,31,9794.806451612903,287.1290322580645,11.038709677419357,0.6774193548387096,1.0,0.967741935483871,High (25+ days)
7007744171,26,11323.423076923076,328.03846153846155,17.589102564102568,0.6923076923076923,0.07692307692307693,0.0,High (25+ days)
7086361926,31,9371.774193548386,211.7741935483871,14.174193548387095,0.5483870967741935,0.7741935483870968,0.0,High (25+ days)
8053475328,31,14763.290322580646,245.70967741935485,19.133333333333336,0.8709677419354839,0.0967741935483871,0.0,High (25+ days)
8253242879,18,6842.277777777777,160.16666666666666,21.31481481481481,0.16666666666666666,0.0,0.0,Moderate (11-24 days)
8378563200,31,8717.709677419354,225.03225806451613,11.935483870967742,0.3548387096774194,1.0,0.0,High (25+ days)
8583815059,30,7438.466666666666,175.83333333333334,21.02444444444444,0.2,0.0,0.0,High (25+ days)
8792009665,29,1853.7241379310344,96.79310344827586,17.674712643678163,0.0,0.5172413793103449,0.0,High (25+ days)
8877689391,31,16040.032258064517,310.7096774193548,18.547849462365594,0.9032258064516129,0.0,0.7741935483870968,High (25+ days)
