hour_of_day,participants,avg_steps,ci_low,ci_high
0,33,39.932477,26.611328,55.822678
1,33,21.577107,13.550338,31.016663
2,33,15.915604,9.016203,23.328497
3,33,7.030353,3.436707,11.406565
4,33,11.778491,4.31797,22.011941
5,33,41.224867,14.494279,82.96598
6,33,171.604668,84.354023,280.001544
7,33,318.390065,210.554988,437.937645
8,33,452.432196,284.052174,676.310124
9,33,433.239168,297.961848,583.556003
10,33,478.018438,361.543648,606.651523
11,33,473.651436,380.740051,578.6836
12,33,539.191893,406.553285,691.070606
13,33,533.885066,417.697077,678.870291
14,33,519.280468,378.422972,693.770438
15,33,393.069513,320.674188,469.637566
16,33,485.035611,383.436949,601.331784
17,33,525.597664,392.227798,672.748595
18,33,591.982678,442.364878,756.081945
19,33,565.616245,395.845389,792.276346
20,33,349.026064,261.556754,445.265106
21,33,299.351142,190.546546,424.948208
22,33,226.159242,133.227348,337.532203
23,33,116.515786,58.242049,195.603899
