id,days_logged,engagement_segment
1503960366,30,High (25+ days)
1624580081,31,High (25+ days)
1644430081,30,High (25+ days)
1844505072,31,High (25+ days)
1927972279,31,High (25+ days)
2022484408,31,High (25+ days)
2026352035,31,High (25+ days)
2320127002,31,High (25+ days)
2347167796,18,Moderate (11-24 days)
2873212765,31,High (25+ days)
3372868164,20,Moderate (11-24 days)
3977333714,30,High (25+ days)
4020332650,31,High (25+ days)
4057192912,4,Low (1-10 days)
4319703577,31,High (25+ days)
4388161847,31,High (25+ days)
4445114986,31,High (25+ days)
4558609924,31,High (25+ days)
4702921684,31,High (25+ days)
5553957443,31,High (25+ days)
5577150313,30,High (25+ days)
6117666160,28,High (25+ days)
6290855005,28,High (25+ days)
6775888955,26,High (25+ days)
6962181067,31,High (25+ days)
7007744171,26,High (25+ days)
7086361926,31,High (25+ days)
8053475328,31,High (25+ days)
8253242879,18,Moderate (11-24 days)
8378563200,31,High (25+ days)
8583815059,30,High (25+ days)
8792009665,29,High (25+ days)
8877689391,31,High (25+ days)
