hour_of_day,daypart,participant_hour_profiles,participant_weighted_steps,participant_weighted_intensity,participant_weighted_calories,ci_low_steps,ci_high_steps
0,Overnight,33,39.932476704278706,2.0287889529825014,71.49556666709057,26.611328,55.822678
1,Overnight,33,21.57710740830875,1.33107950427194,69.87763406617688,13.550338,31.016663
2,Overnight,33,15.91560357411303,0.9806526909419012,68.95273331291129,9.016203,23.328497
3,Overnight,33,7.030353083245186,0.4704156347092944,67.53634496348624,3.436707,11.406565
4,Overnight,33,11.7784908763218,0.5935303212833801,68.07395757951932,4.31797,22.011941
5,Overnight,33,41.224866852341826,4.595277816979708,80.45515831344531,14.494279,82.96598
6,Morning,33,171.60466811130232,7.467124777844532,86.01867732302594,84.354023,280.001544
7,Morning,33,318.3900650996803,11.093401744738523,94.9940199282979,210.554988,437.937645
8,Morning,33,452.4321960993923,15.351888993492736,104.73544453704504,284.052174,676.310124
9,Morning,33,433.23916761198575,15.37471632685596,105.965819311807,297.961848,583.556003
10,Morning,33,478.01843796580886,17.52786468958883,109.76317938957472,361.543648,606.651523
11,Morning,33,473.65143583065526,17.222585003529844,110.47060364757807,380.740051,578.6836
12,Afternoon,33,539.191892624482,19.559391877813432,115.94943380749264,406.553285,691.070606
13,Afternoon,33,533.8850657985768,18.549331745147356,114.53178102762848,417.697077,678.870291
14,Afternoon,33,519.2804679486652,18.38666828500369,114.04263071824607,378.422972,693.770438
15,Afternoon,33,393.0695133631405,15.245998759274949,105.468881147812,320.674188,469.637566
16,Afternoon,33,485.0356112982752,17.343352669549244,112.1367672072526,383.436949,601.331784
17,Evening,33,525.5976639076194,20.81999927544392,120.18222293839104,392.227798,672.748595
18,Evening,33,591.9826776516763,21.48878500144612,122.22549941675209,442.364878,756.081945
19,Evening,33,565.6162452856998,20.882021657123257,119.765945564083,395.845389,792.276346
20,Evening,33,349.0260639346024,14.138937238158263,101.4989399724032,261.556754,445.265106
21,Night,33,299.3511423125533,11.714259026042235,94.88113985833996,190.546546,424.948208
22,Night,33,226.15924185365236,8.702689349842121,87.21673147395434,133.227348,337.532203
23,Night,33,116.51578575641884,4.7748673060185105,77.04733524586696,58.242049,195.603899
